[
    {
    "title": "The Shawshank Redemption",
    "rank": "1",
    "id": "tt0111161"
    },
    {
    "title": "The Godfather",
    "rank": "2",
    "id": "tt0068646"
    },
    {
    "title": "Elephant X",
    "rank": "3",
    "id": "tt0071562"
    },
    {
    "title": "Pulp Fiction",
    "rank": "4",
    "id": "tt0110912"
    },
    {
    "title": "In The Woods of Romania",
    "rank": "5",
    "id": "tt0060196"
    },
    {
    "title": "The Dark Knight",
    "rank": "6",
    "id": "tt0468569"
    },
    {
    "title": "12 Angry Men",
    "rank": "7",
    "id": "tt0050083"
    },
    {
    "title": "Sherlock",
    "rank": "8",
    "id": "tt0108052"
    },
    {
    "title": "Antman",
    "rank": "9",
    "id": "tt0167260"
    },
    {
    "title": "Fight Club",
    "rank": "10",
    "id": "tt0137523"
    }
    ]